# Town,GatekeeperId,X,Y,Z,Heading
Talking Island,30006,-84040,244536,-3728,40960
Elven Village,30146,46856,51560,-2976,43000
Dark Elven Village,30134,9720,15464,-4568,5892
Dwarven Village,30540,115080,-178264,-896,0
Orc Village,30576,-45256,-112600,-240,0
Gludin,30320,-80664,149816,-3040,20480
Gludio,30256,-12824,122808,-3112,49152
Dion,30059,15544,142888,-2696,16000
Giran,30080,83528,147912,-3400,16384
Heine,30899,111304,219400,-3544,49756
Oren,30177,82968,53080,-1488,31000
Hunters Village,30233,117112,77000,-2696,34000
Aden,30848,146744,25896,-2008,0
Goddard,31275,148040,-55288,-2728,48000
Rune,31320,43912,-47720,-792,50000
Schuttgart,31964,87016,-143352,-1288,15584
